session,total_score,adv_score,delta,rating,pu,squat
1,120.0,11.22282526275556,0.021311991195154256,1200.0213119911953,5.0,19.0
